{
    "Correct Parsed and Polarity": 3,
    "Parsed Polarity Accuracy": 0.03571428571428571,
    "Parsing Accuracy": 0.03571428571428571,
    "Total Sentences": 84,
    "Correct Parsed": 3
}