{
    "mov": {
        "Correct Parsed": 114,
        "Total Sentences": 890,
        "Correct Parsed and Polarity": 50,
        "Parsing Accuracy": 0.12808988764044943,
        "Parsed Polarity Accuracy": 0.056179775280898875
    },
    "Correct Parsed": 283,
    "mob": {
        "Correct Parsed": 169,
        "Total Sentences": 1141,
        "Correct Parsed and Polarity": 56,
        "Parsing Accuracy": 0.1481156879929886,
        "Parsed Polarity Accuracy": 0.049079754601226995
    },
    "Total Sentences": 2031,
    "Correct Parsed and Polarity": 106,
    "Parsing Accuracy": 0.13934022648941408,
    "Parsed Polarity Accuracy": 0.052191038897095025
}