{
    "Correct Parsed and Polarity": 2,
    "Parsed Polarity Accuracy": 0.014814814814814815,
    "Parsing Accuracy": 0.08148148148148149,
    "Total Sentences": 135,
    "Correct Parsed": 11
}