{
    "Correct Parsed and Polarity": 4,
    "Parsed Polarity Accuracy": 0.09302325581395349,
    "Parsing Accuracy": 0.27906976744186046,
    "Total Sentences": 43,
    "Correct Parsed": 12
}