{
    "Correct Parsed and Polarity": 9,
    "Parsed Polarity Accuracy": 0.02727272727272727,
    "Parsing Accuracy": 0.06363636363636363,
    "Total Sentences": 330,
    "Correct Parsed": 21
}