{
    "Correct Parsed": 114,
    "Total Sentences": 890,
    "Correct Parsed and Polarity": 50,
    "Parsing Accuracy": 0.12808988764044943,
    "Parsed Polarity Accuracy": 0.056179775280898875
}