{
    "Correct Parsed and Polarity": 7,
    "Parsed Polarity Accuracy": 0.03056768558951965,
    "Parsing Accuracy": 0.13973799126637554,
    "Total Sentences": 229,
    "Correct Parsed": 32
}