{
    "Correct Parsed and Polarity": 14,
    "Parsed Polarity Accuracy": 0.040229885057471264,
    "Parsing Accuracy": 0.13505747126436782,
    "Total Sentences": 348,
    "Correct Parsed": 47
}