{
    "Correct Parsed and Polarity": 23,
    "Parsed Polarity Accuracy": 0.029639175257731958,
    "Parsing Accuracy": 0.07345360824742268,
    "Total Sentences": 776,
    "Correct Parsed": 57
}