{
    "Correct Parsed": 169,
    "Total Sentences": 1141,
    "Correct Parsed and Polarity": 56,
    "Parsing Accuracy": 0.1481156879929886,
    "Parsed Polarity Accuracy": 0.049079754601226995
}