{
    "Correct Parsed and Polarity": 3,
    "Parsed Polarity Accuracy": 0.06382978723404255,
    "Parsing Accuracy": 0.2127659574468085,
    "Total Sentences": 47,
    "Correct Parsed": 10
}