{
    "Correct Parsed and Polarity": 52,
    "Parsed Polarity Accuracy": 0.04180064308681672,
    "Parsing Accuracy": 0.10771704180064309,
    "Total Sentences": 1244,
    "Correct Parsed": 134
}